1,Husain,Product Management,67019,PO Box 59460
2,Cris,Training,23482,PO Box 64590
3,Will,Research and Development,62549,PO Box 49283
4,Etty,Business Development,3284,11th Floor
5,Fin,Research and Development,98626,PO Box 71601
6,Karlotte,Research and Development,70919,Room 25
7,Gisele,Training,26781,PO Box 11995
8,Bennie,Sales,35579,15th Floor
9,Rickey,Accounting,44219,Suite 3
10,Lurlene,Sales,53894,Room 341
11,Ciro,Research and Development,71810,Room 1660
12,Adrianne,Product Management,99618,Room 151
13,Erin,Legal,71080,PO Box 46406
14,Efren,Support,85392,PO Box 70733
15,Zulema,Human Resources,48521,9th Floor
16,Trisha,Services,26231,Room 712
17,Danya,Business Development,85658,Apt 1368
18,Wayland,Sales,90126,Apt 1680
19,Donni,Engineering,26415,Apt 1970
20,Cyrillus,Accounting,56651,7th Floor
21,Harmonie,Legal,27528,19th Floor
22,Hersch,Support,6711,Suite 90
23,Stella,Services,17377,8th Floor
24,Orin,Business Development,26256,PO Box 10972
25,Hallie,Business Development,92861,Room 1163
26,Yardley,Engineering,34436,Suite 65
27,Dalia,Accounting,55783,Suite 42
28,Valentia,Training,49276,Suite 28
29,Melany,Accounting,10053,20th Floor
30,Boote,Marketing,37917,Room 1398
31,Tobin,Product Management,84856,Suite 21
32,Veda,Accounting,83914,Suite 74
33,Rooney,Sales,28359,17th Floor
34,Foster,Training,9839,Apt 1269
35,Domenico,Human Resources,86650,19th Floor
36,Felicity,Services,69885,Apt 1561
37,Marleah,Support,13266,Apt 797
38,Joann,Business Development,14500,Room 1953
39,Taddeo,Human Resources,19678,Apt 1080
40,Ezra,Services,3169,Suite 4
41,Calhoun,Training,71766,PO Box 75760
42,Billie,Accounting,82718,PO Box 82284
43,Marys,Human Resources,6843,18th Floor
44,Patti,Human Resources,8154,Suite 63
45,Jackson,Legal,3417,Room 1501
46,Sonnie,Product Management,410,PO Box 76565
47,Ronnie,Services,8633,5th Floor
48,Wandie,Engineering,64051,Apt 879
49,Siusan,Engineering,25645,13th Floor
50,Fenelia,Marketing,77044,Room 956
51,Clayborn,Product Management,16896,Suite 14
52,Robbie,Product Management,79602,Room 1890
53,Woodie,Research and Development,7070,Suite 45
54,Costanza,Sales,67242,Suite 3
55,Lincoln,Human Resources,59235,PO Box 59434
56,Kelcy,Services,66925,PO Box 27598
57,Maitilde,Product Management,96723,Apt 734
58,Kate,Accounting,8136,Apt 1098
59,Uriah,Services,9984,Apt 937
60,Elia,Support,89841,14th Floor
61,Garwin,Accounting,87367,Room 1315
62,Aylmer,Support,16459,PO Box 9131
63,Vikki,Legal,3084,Room 944
64,Rosamond,Engineering,61281,3rd Floor
65,Chris,Services,46120,Apt 449
66,Glynn,Business Development,32034,Room 142
67,Laurens,Sales,14490,Apt 562
68,Ninette,Marketing,81237,Room 1786
69,Kirbee,Business Development,9110,2nd Floor
70,Robbie,Services,64539,8th Floor
71,Margit,Human Resources,21146,PO Box 26062
72,Sylvester,Marketing,71409,PO Box 52115
73,Ruggiero,Business Development,66377,Suite 49
74,Rob,Research and Development,39268,Suite 98
75,Hugo,Business Development,79648,Suite 32
76,Frans,Research and Development,99236,Room 1945
77,Amber,Human Resources,2903,11th Floor
78,Morgen,Human Resources,16403,PO Box 67662
79,Cointon,Product Management,10498,8th Floor
80,Randi,Accounting,24696,Apt 1
81,Tristan,Support,67079,Suite 44
82,Pegeen,Services,43612,PO Box 26186
83,Ron,Marketing,28211,Apt 892
84,Colver,Legal,67089,Room 869
85,Tabbie,Legal,6002,Suite 81
86,Karlyn,Engineering,87636,Room 1599
87,Siobhan,Engineering,87551,Apt 1880
88,Gabrila,Marketing,42558,PO Box 65543
89,Samara,Sales,66937,Apt 1865
90,Bram,Marketing,27214,PO Box 33753
91,Reinhard,Business Development,43047,Apt 203
92,Howey,Engineering,66527,Room 1933
93,Adore,Support,84911,Apt 1770
94,Boone,Training,4945,PO Box 57001
95,Nessa,Support,43442,Suite 17
96,Prisca,Training,53846,PO Box 61033
97,Teri,Sales,9656,11th Floor
98,Renault,Legal,26971,Room 1098
99,Arturo,Legal,97374,PO Box 87183
100,Xerxes,Legal,373,5th Floor
101,Thorstein,Engineering,38710,Room 806
102,Fredek,Accounting,6614,Apt 1485
103,Mackenzie,Human Resources,49768,Room 1584
104,Barn,Product Management,6974,16th Floor
105,Corri,Marketing,32759,17th Floor
106,Rikki,Accounting,43646,Suite 32
107,Alys,Human Resources,99469,PO Box 41181
108,Bambi,Research and Development,29516,Apt 560
109,Martie,Marketing,75220,Apt 904
110,Evangelina,Product Management,82957,Room 326
111,Reinhard,Sales,66674,6th Floor
112,Vale,Human Resources,37059,PO Box 19621
113,Cacilie,Business Development,21918,Suite 3
114,Corby,Business Development,5000,Room 528
115,Biddy,Marketing,68640,PO Box 89229
116,Aviva,Support,4273,PO Box 72470
117,Shamus,Research and Development,52662,10th Floor
118,Huntley,Accounting,35838,Suite 74
119,Ryun,Product Management,12393,Suite 1
120,Herman,Support,81525,Apt 351
121,Adel,Legal,45529,14th Floor
122,Wanids,Marketing,44811,14th Floor
123,Tiebout,Accounting,95109,9th Floor
124,Cindi,Product Management,45140,Room 1326
125,Jamil,Training,75713,Apt 814
126,Monique,Training,27756,PO Box 9165
127,Orsa,Marketing,21937,11th Floor
128,Mathilda,Business Development,96605,PO Box 85062
129,Florian,Marketing,26098,2nd Floor
130,Kurtis,Research and Development,47645,Room 1913
131,Lucille,Legal,56388,Suite 68
132,Gayel,Training,4609,Apt 1149
133,Aliza,Legal,55386,Room 801
134,Nadeen,Research and Development,13853,17th Floor
135,Zelma,Support,66843,Room 689
136,Renaldo,Services,54762,Suite 57
137,Antonie,Business Development,93284,Room 50
138,Marilin,Services,3656,PO Box 73151
139,Violette,Support,62472,Suite 59
140,Yuri,Business Development,5451,PO Box 82074
141,Cordie,Sales,350,Apt 1246
142,Rutherford,Support,85899,Suite 40
143,Dani,Sales,53895,Suite 1
144,Nert,Engineering,55896,PO Box 699
145,Pansy,Accounting,25829,Room 292
146,Mel,Business Development,78675,PO Box 959
147,Aubrie,Engineering,6479,Apt 25
148,Anastasia,Business Development,4478,Room 1205
149,Chandler,Marketing,41149,PO Box 46248
150,Kale,Training,11109,Apt 862
151,Carly,Legal,10372,PO Box 48724
152,Barry,Support,20580,PO Box 32714
153,Daryl,Product Management,62715,Suite 62
154,Karoly,Support,99426,19th Floor
155,Elene,Sales,69896,Suite 61
156,Bianca,Business Development,98086,PO Box 23776
157,Kurtis,Research and Development,49099,PO Box 56403
158,Hatty,Legal,87486,9th Floor
159,Basilio,Human Resources,36124,Suite 86
160,Ofelia,Marketing,65638,5th Floor
161,Lowell,Human Resources,69885,Suite 25
162,Elianore,Services,12934,Apt 633
163,Alex,Marketing,41588,Apt 800
164,Boot,Business Development,2738,Room 1325
165,Jodie,Marketing,92233,Room 1533
166,Joell,Accounting,7572,PO Box 57262
167,Jacynth,Human Resources,50766,Suite 7
168,Georgeanne,Research and Development,24694,PO Box 30496
169,Carey,Human Resources,42047,Room 1611
170,Glenine,Business Development,72284,PO Box 62297
171,Diann,Services,55822,Apt 672
172,Sibelle,Legal,75670,PO Box 12895
173,Vilma,Training,26546,9th Floor
174,Ilsa,Business Development,56036,11th Floor
175,Faythe,Support,12607,Room 1708
176,Jolie,Research and Development,71162,1st Floor
177,Jamie,Training,74463,Apt 609
178,Hansiain,Marketing,43307,Room 299
179,Araldo,Human Resources,10128,19th Floor
180,Sheffie,Services,45109,Room 744
181,Carolan,Training,28599,Room 262
182,Eleonora,Product Management,18590,Apt 1048
183,Willdon,Training,41173,Apt 584
184,Sherilyn,Services,4786,PO Box 11600
185,Monte,Legal,83462,PO Box 1692
186,Mercie,Business Development,68632,Room 1438
187,Carrol,Product Management,44823,Room 66
188,Renaldo,Research and Development,53618,PO Box 81166
189,Beatrisa,Services,59189,15th Floor
190,Ceciley,Human Resources,2160,PO Box 21083
191,Guthrey,Research and Development,63700,Suite 35
192,Maxine,Support,21300,Apt 470
193,Barbaraanne,Product Management,54267,PO Box 31735
194,Sauveur,Support,57495,20th Floor
195,Mick,Services,75840,Suite 35
196,Ursuline,Sales,20520,Suite 51
197,Vernor,Sales,67100,3rd Floor
198,Codee,Research and Development,72357,PO Box 1181
199,Vinny,Marketing,29028,8th Floor
200,Tilda,Marketing,63482,Suite 80
201,Mitchel,Support,84194,PO Box 28629
202,Clari,Product Management,33789,1st Floor
203,Ethelda,Product Management,47646,Apt 434
204,Lusa,Services,1892,Apt 571
205,Cullin,Legal,96877,2nd Floor
206,Welby,Support,90042,Room 1042
207,Benedetto,Business Development,48232,1st Floor
208,Candis,Services,63478,Room 1066
209,Maximo,Human Resources,87403,Suite 31
210,Frederigo,Training,81124,Suite 81
211,Greg,Human Resources,65121,Room 226
212,Nada,Business Development,39627,13th Floor
213,Karena,Product Management,83219,2nd Floor
214,Madeleine,Marketing,24750,Suite 45
215,Mayne,Human Resources,66053,Room 507
216,Mace,Product Management,50905,Suite 68
217,Sada,Engineering,26455,Apt 353
218,Raine,Sales,9995,Room 1253
219,Roldan,Product Management,7995,Apt 673
220,Hadleigh,Accounting,40402,Suite 20
221,Kellby,Business Development,29185,PO Box 23821
222,Indira,Marketing,68064,Apt 221
223,Maridel,Training,24253,PO Box 30826
224,Calli,Product Management,15197,Suite 15
225,Leopold,Research and Development,64957,Room 874
226,Kirstin,Marketing,28300,Apt 846
227,Yolanthe,Sales,89987,2nd Floor
228,Cirstoforo,Marketing,35442,Suite 83
229,Ricki,Services,64110,Room 1148
230,Brietta,Sales,99442,2nd Floor
231,Harlen,Training,77807,Suite 33
232,Tracie,Engineering,53998,PO Box 18096
233,Hart,Sales,28582,Room 597
234,West,Support,83303,Suite 16
235,Cristy,Training,34232,Apt 1306
236,Atlanta,Legal,48743,Room 835
237,Jojo,Business Development,27282,Apt 1320
238,Isis,Business Development,56118,17th Floor
239,Sean,Product Management,56266,Suite 33
240,Carolann,Support,95786,PO Box 85853
241,Homerus,Research and Development,5091,PO Box 77347
242,Isaiah,Engineering,74188,Apt 809
243,Tyrone,Human Resources,66237,Apt 1475
244,Mallorie,Human Resources,45108,17th Floor
245,Torey,Marketing,8801,Suite 63
246,Selig,Training,57662,Apt 121
247,Wynny,Business Development,9030,6th Floor
248,Abey,Marketing,84777,PO Box 97448
249,Vikki,Business Development,14622,Room 128
250,Frederigo,Engineering,839,Apt 1561
251,Amos,Services,39772,PO Box 44924
252,Roobbie,Training,90069,9th Floor
253,Artair,Training,63816,Room 136
254,Kerianne,Marketing,85627,PO Box 75276
255,Silvain,Services,10812,Suite 50
256,Darline,Business Development,46328,Suite 73
257,Temple,Research and Development,64818,PO Box 53892
258,Domenico,Research and Development,87536,PO Box 85653
259,Yehudit,Sales,75327,Apt 567
260,Sam,Business Development,71864,Suite 95
261,Edgar,Services,72036,PO Box 31945
262,Bentley,Legal,94540,Apt 1723
263,Graig,Support,64718,PO Box 4494
264,Dane,Business Development,80576,Apt 1613
265,Deana,Human Resources,25134,1st Floor
266,Nell,Product Management,81135,Apt 1006
267,Aeriela,Human Resources,94365,1st Floor
268,Cornelia,Engineering,54308,Apt 1702
269,Harper,Engineering,65433,10th Floor
270,Torrey,Legal,94790,Apt 1347
271,Son,Human Resources,93982,PO Box 29853
272,Jillene,Product Management,98775,2nd Floor
273,Johnna,Legal,57015,PO Box 66795
274,Uri,Support,53773,Suite 47
275,Elspeth,Engineering,56763,1st Floor
276,Lissie,Human Resources,31824,Room 1781
277,Fara,Sales,19277,Room 1927
278,Schuyler,Human Resources,57045,Apt 1011
279,Sibby,Services,47469,Room 1157
280,Leland,Human Resources,43938,Apt 1371
281,Sergent,Research and Development,55041,19th Floor
282,Haskel,Product Management,24006,9th Floor
283,Kirbee,Training,95069,PO Box 41365
284,Aurilia,Research and Development,98551,12th Floor
285,Faulkner,Research and Development,333,7th Floor
286,Murial,Training,20178,Suite 6
287,Kassie,Research and Development,22561,Suite 61
288,Fawn,Marketing,93358,7th Floor
289,Ronda,Business Development,64128,Suite 65
290,Hamnet,Legal,98681,2nd Floor
291,Andras,Product Management,95908,PO Box 95866
292,Marina,Human Resources,93092,Apt 346
293,Shaw,Legal,83664,Room 1244
294,Helene,Product Management,3991,Apt 1369
295,Monti,Engineering,89100,Suite 91
296,Cristy,Services,74881,Suite 5
297,Rick,Human Resources,75817,13th Floor
298,Sammy,Marketing,19006,Apt 1592
299,Nap,Engineering,82232,Suite 94
300,Teresa,Services,49070,Room 137
301,Isabelita,Engineering,77418,Apt 1016
302,Lanae,Services,79970,7th Floor
303,Zita,Legal,90643,Apt 356
304,Dillon,Accounting,76396,Suite 85
305,Chad,Legal,34489,Suite 18
306,Deina,Marketing,1344,Room 1515
307,Mirabella,Legal,31999,7th Floor
308,Odette,Marketing,58158,Room 735
309,Megan,Engineering,29617,8th Floor
310,Tony,Human Resources,91087,Apt 984
311,Adrian,Product Management,20153,PO Box 41225
312,Dolly,Training,16470,Room 1536
313,Lorrie,Sales,36351,PO Box 862
314,Donaugh,Marketing,47214,Room 1227
315,Palmer,Product Management,20459,Apt 1675
316,Reynolds,Services,11314,15th Floor
317,Vicky,Sales,8958,3rd Floor
318,Gareth,Business Development,40275,Apt 878
319,Lenard,Accounting,41550,Suite 15
320,Blair,Training,34287,PO Box 77881
321,West,Training,93745,PO Box 29252
322,Rosetta,Training,66753,Room 454
323,Denney,Engineering,36168,Apt 1596
324,Lazaro,Support,72810,1st Floor
325,Floris,Research and Development,45783,Room 1423
326,Boone,Support,18672,Room 566
327,Charita,Legal,36308,Room 1288
328,Agretha,Services,86552,Room 465
329,Stuart,Business Development,84024,Suite 4
330,Emelyne,Product Management,1592,Apt 708
331,Tillie,Support,48175,10th Floor
332,Morten,Legal,27728,10th Floor
333,Deny,Support,59416,Apt 46
334,Eada,Marketing,48458,Suite 11
335,Mead,Research and Development,81542,Room 1054
336,Gannie,Legal,29788,Suite 49
337,Vance,Sales,74174,16th Floor
338,Virgie,Business Development,57558,19th Floor
339,Scarlet,Product Management,28154,PO Box 46781
340,Lyndsie,Human Resources,83102,Apt 1700
341,Jameson,Legal,31350,Room 784
342,Ermengarde,Accounting,68720,PO Box 79148
343,Lyn,Product Management,48236,Room 131
344,Martino,Sales,10947,Room 1732
345,Boone,Marketing,72353,PO Box 76452
346,Aldous,Training,94478,16th Floor
347,Moise,Marketing,71959,PO Box 76528
348,Doyle,Training,69210,PO Box 74897
349,Forrester,Support,29293,Room 936
350,Tessa,Accounting,21549,Suite 41
351,Ned,Services,10504,15th Floor
352,Clara,Training,33073,PO Box 77796
353,Maury,Accounting,90171,Room 390
354,Karina,Support,49379,1st Floor
355,Jobyna,Accounting,81020,Suite 65
356,Vincenty,Product Management,89013,Room 1407
357,Margret,Sales,12053,Suite 97
358,Abran,Support,60253,Apt 1424
359,Gabbey,Human Resources,40299,Suite 97
360,Bert,Accounting,5177,Apt 516
361,Betty,Training,86028,Room 438
362,Tiffi,Marketing,19037,Apt 1105
363,Louisette,Services,26406,Suite 84
364,Rustie,Legal,58090,Suite 24
365,Reena,Business Development,73223,Apt 347
366,Siegfried,Product Management,93398,PO Box 40296
367,Daisi,Accounting,54256,2nd Floor
368,Geri,Business Development,75821,Suite 46
369,Mara,Engineering,33639,Room 937
370,Valaree,Training,68177,Apt 913
371,Rubetta,Legal,20952,Suite 1
372,Livvyy,Product Management,58843,Suite 36
373,Kile,Marketing,91213,Room 707
374,Nert,Human Resources,41203,Apt 1691
375,Puff,Human Resources,61539,Room 1944
376,Alvy,Sales,83390,5th Floor
377,Dorotea,Human Resources,74173,PO Box 40196
378,Alberto,Marketing,926,Room 1579
379,Shari,Product Management,44784,13th Floor
380,Hollyanne,Product Management,77351,Apt 85
381,Ad,Marketing,72471,Suite 21
382,Joel,Engineering,71115,Apt 39
383,Rhoda,Accounting,39372,Suite 38
384,Quent,Engineering,90709,PO Box 13424
385,Abeu,Services,88655,Apt 641
386,Ryan,Support,54545,Apt 316
387,Corry,Business Development,45487,Room 1933
388,Kerrill,Marketing,61222,4th Floor
389,Alissa,Product Management,31730,2nd Floor
390,Sonya,Business Development,62077,19th Floor
391,Aurelia,Human Resources,50367,PO Box 37809
392,Donaugh,Business Development,94112,Apt 911
393,Benny,Research and Development,36471,Room 43
394,Davin,Accounting,23246,Apt 1857
395,Edlin,Accounting,13423,Room 1329
396,Cicely,Human Resources,60626,PO Box 11526
397,Jade,Marketing,98381,PO Box 19150
398,Guillemette,Product Management,33154,Room 385
399,Rahal,Human Resources,22736,Room 672
400,Dosi,Marketing,70863,PO Box 68976
401,Neville,Accounting,26130,Apt 348
402,Sybilla,Product Management,94209,Suite 55
403,Wendeline,Human Resources,52677,PO Box 96639
404,Willem,Sales,88960,Suite 1
405,Winne,Engineering,4342,Room 1203
406,Lawrence,Support,70565,PO Box 38395
407,Peyton,Legal,75326,Room 960
408,Myrtle,Business Development,10426,Suite 39
409,Elfrieda,Research and Development,83843,17th Floor
410,Ciro,Accounting,30302,Suite 2
411,Ashbey,Services,28788,1st Floor
412,Danita,Training,53451,Apt 1334
413,Johan,Sales,62586,Suite 47
414,Katusha,Support,67284,Apt 234
415,Tobey,Support,59582,19th Floor
416,Eachelle,Accounting,13097,8th Floor
417,Jeremias,Support,30482,Suite 17
418,Ariadne,Engineering,19190,Room 1217
419,Thedrick,Research and Development,16146,Apt 375
420,Virge,Services,82195,Suite 30
421,Randolph,Training,40022,Suite 72
422,Ruthie,Support,487,Apt 875
423,Giffie,Services,12672,Suite 57
424,Else,Legal,9003,PO Box 26572
425,Shanna,Research and Development,60744,PO Box 14019
426,Moise,Services,99524,Apt 706
427,Oberon,Legal,51703,Room 827
428,Reagen,Business Development,68580,Room 969
429,Hirsch,Sales,82389,PO Box 15873
430,Beverie,Support,20379,Room 483
431,Norine,Services,76056,Apt 505
432,Ashia,Engineering,77137,Suite 15
433,Bartholomeo,Legal,70059,Room 657
434,Eugenius,Business Development,79649,Apt 1000
435,Dick,Human Resources,57141,Apt 254
436,Lindy,Human Resources,23461,Room 771
437,Filberte,Research and Development,34612,PO Box 87790
438,Dan,Research and Development,26146,20th Floor
439,Kathe,Legal,47540,Suite 57
440,Nanon,Research and Development,40009,Apt 264
441,Iona,Business Development,19506,PO Box 98581
442,Onfre,Research and Development,59151,Room 267
443,Costanza,Sales,26887,Apt 546
444,Ximenes,Business Development,96164,Suite 17
445,Waverly,Marketing,51103,Suite 99
446,Farr,Engineering,727,Apt 320
447,Adolphus,Sales,46222,PO Box 87987
448,Ardella,Research and Development,75792,PO Box 26341
449,Durant,Legal,99533,Suite 20
450,Claus,Business Development,15990,Room 1088
451,Janos,Engineering,55182,PO Box 40301
452,Rhianon,Human Resources,39562,PO Box 66166
453,Verena,Training,79416,Suite 79
454,Ileane,Sales,2050,10th Floor
455,Eduard,Marketing,57604,Room 267
456,Nannie,Services,20520,17th Floor
457,Beale,Human Resources,25578,Suite 80
458,Barbee,Legal,2183,Suite 23
459,Conny,Research and Development,23359,15th Floor
460,Arluene,Services,67392,Room 358
461,Merry,Sales,46707,PO Box 85188
462,Arly,Legal,91214,Room 804
463,Gibby,Training,44970,Apt 1259
464,Marris,Support,68578,16th Floor
465,Hagen,Services,13045,Apt 380
466,Josefa,Business Development,26044,3rd Floor
467,Koralle,Product Management,25762,Suite 63
468,Gabriel,Accounting,86213,Room 1646
469,Jacquenetta,Marketing,905,4th Floor
470,Sayer,Sales,94168,7th Floor
471,Elsi,Legal,33572,Room 1069
472,Roberto,Business Development,27509,Suite 26
473,Valeria,Product Management,13568,PO Box 40765
474,Marylin,Training,21451,Room 183
475,Xaviera,Legal,69059,Apt 1600
476,Slade,Research and Development,84343,Room 1841
477,Maximo,Legal,84986,Room 988
478,Brucie,Sales,79691,19th Floor
479,Cyril,Support,8775,PO Box 17097
480,Lev,Engineering,4447,PO Box 98112
481,Harri,Marketing,16726,Apt 258
482,Spike,Marketing,56173,Room 1874
483,Kristian,Accounting,59483,Apt 1357
484,Randie,Business Development,12049,Suite 12
485,Prescott,Sales,1693,PO Box 16620
486,Wynne,Sales,2238,Room 1358
487,Martainn,Research and Development,42707,18th Floor
488,Lori,Marketing,59718,Suite 67
489,Clayborn,Product Management,88218,4th Floor
490,Ellerey,Human Resources,47515,PO Box 92983
491,Rabi,Services,42168,14th Floor
492,Rafferty,Marketing,74322,Suite 82
493,Guy,Research and Development,31472,Room 1814
494,Lilah,Research and Development,62603,Apt 459
495,Olvan,Accounting,66578,Room 1685
496,Barbra,Engineering,57661,Suite 53
497,Bibi,Product Management,33104,Suite 31
498,Marney,Product Management,46473,4th Floor
499,Hewet,Accounting,30551,Apt 948
500,Halette,Sales,45848,Apt 1614
501,Claybourne,Human Resources,32636,Room 1720
502,Joey,Business Development,12484,Room 1551
503,Milli,Sales,54751,Apt 875
504,Genna,Human Resources,11126,Suite 91
505,Mariana,Training,25734,PO Box 89119
506,Genovera,Sales,66003,Suite 23
507,Kristo,Training,66322,Suite 51
508,Eleanore,Research and Development,93505,Room 614
509,Patti,Legal,40867,Apt 1187
510,Janey,Human Resources,36450,Suite 92
511,Amelia,Marketing,24290,Apt 519
512,Riccardo,Marketing,10966,Apt 843
513,Eleonore,Accounting,81547,Suite 33
514,Lon,Research and Development,6026,Apt 1441
515,Aubrette,Accounting,21093,Suite 53
516,Thomasin,Product Management,32621,PO Box 54401
517,Paco,Support,71501,Suite 80
518,Cathrin,Accounting,11378,10th Floor
519,Mil,Human Resources,2207,PO Box 35761
520,Bat,Training,11408,PO Box 82893
521,Breena,Engineering,29798,Room 1179
522,Gerladina,Training,58284,9th Floor
523,Cristabel,Services,40442,14th Floor
524,Wilhelm,Engineering,99608,16th Floor
525,Celia,Support,8263,Suite 89
526,Nikolas,Business Development,85741,PO Box 98745
527,Emelda,Engineering,68209,Room 659
528,Fielding,Accounting,20021,Suite 25
529,Ernestine,Services,4923,Apt 578
530,Avis,Legal,73380,Suite 22
531,Ashlin,Sales,65325,Suite 60
532,Gib,Product Management,84376,Apt 313
533,Cynde,Legal,63314,PO Box 14182
534,Leanor,Sales,61622,Suite 32
535,Barris,Research and Development,31705,15th Floor
536,Tandi,Accounting,36551,18th Floor
537,Alf,Product Management,21476,PO Box 40457
538,Bari,Legal,74162,Room 734
539,Sophi,Business Development,65561,Room 1733
540,Collie,Business Development,52285,Apt 1614
541,Friedrich,Product Management,80121,Suite 10
542,Melba,Support,2847,9th Floor
543,Arnaldo,Support,26447,Apt 1154
544,Henrik,Business Development,72429,Suite 9
545,Farica,Marketing,8491,PO Box 40595
546,Richmound,Training,17298,Apt 794
547,Garrott,Business Development,18982,Room 868
548,Burr,Product Management,33010,PO Box 24420
549,Quintin,Marketing,33090,Apt 1201
550,Barri,Support,63998,Suite 13
551,Lorianne,Accounting,85263,Room 999
552,Sammy,Sales,43670,16th Floor
553,Nita,Legal,68446,Room 1561
554,Christophe,Marketing,98420,PO Box 43218
555,Linn,Accounting,28920,Room 198
556,Elwyn,Marketing,82345,PO Box 58685
557,Sawyere,Training,67408,PO Box 12790
558,Thelma,Training,23430,Apt 511
559,Reina,Sales,48657,Apt 1735
560,Dore,Accounting,92545,PO Box 58254
561,Chrissy,Services,82126,Apt 1074
562,Sissy,Training,77542,Apt 517
563,Sissie,Product Management,84721,Room 1149
564,Shawna,Accounting,28597,PO Box 78249
565,Rene,Sales,83058,4th Floor
566,Ibbie,Accounting,50444,PO Box 39866
567,Milt,Research and Development,5764,Apt 896
568,Gabi,Services,85554,18th Floor
569,Marvin,Marketing,2282,8th Floor
570,Gillie,Support,94725,Room 107
571,Ilene,Accounting,36544,Suite 61
572,Finley,Training,73050,Suite 2
573,Johanna,Product Management,46455,3rd Floor
574,Gerianna,Product Management,10416,Suite 41
575,Corbet,Accounting,65826,Suite 60
576,Johnathan,Accounting,45848,Room 1254
577,Josselyn,Marketing,12815,Room 1241
578,Garth,Research and Development,56010,Suite 71
579,Roch,Support,91940,6th Floor
580,Shoshanna,Product Management,46090,Apt 1887
581,Elisa,Services,19517,PO Box 5224
582,Faun,Human Resources,3790,Room 724
583,Miguela,Business Development,1072,Apt 1604
584,Carri,Product Management,66845,PO Box 52016
585,Eadie,Sales,26434,Suite 45
586,Marigold,Product Management,2211,PO Box 53290
587,Darelle,Accounting,93241,Suite 53
588,Madalena,Legal,93504,Apt 604
589,Damaris,Business Development,93026,PO Box 60399
590,Aldrich,Business Development,10127,Suite 88
591,Franny,Support,66219,PO Box 61318
592,Dougy,Marketing,8553,6th Floor
593,Belicia,Product Management,68988,Suite 18
594,Esra,Legal,55908,PO Box 76717
595,Korey,Marketing,60794,Suite 95
596,Claudie,Accounting,45038,Suite 12
597,Florentia,Business Development,79477,Room 1420
598,Charyl,Human Resources,25358,Room 458
599,Tricia,Support,64441,Room 961
600,Ranna,Product Management,56883,PO Box 88715
601,Luci,Marketing,27746,Apt 1440
602,Pedro,Training,4039,Apt 7
603,Abby,Product Management,57417,Apt 1850
604,Nina,Engineering,51666,Apt 1380
605,Sib,Training,82257,10th Floor
606,Zeke,Product Management,93633,1st Floor
607,Lurleen,Marketing,27922,PO Box 86759
608,Eugenia,Product Management,59405,PO Box 5334
609,Merrie,Product Management,89831,Room 774
610,Winna,Product Management,94086,16th Floor
611,Vinny,Research and Development,27515,PO Box 88113
612,Penny,Research and Development,17182,Room 235
613,Felic,Business Development,11582,PO Box 30732
614,Lena,Human Resources,83151,3rd Floor
615,Alexander,Support,92775,Suite 83
616,Perrine,Accounting,66322,Room 1089
617,Ferrell,Training,38872,Suite 55
618,Darcy,Support,40481,PO Box 75132
619,Chicky,Engineering,5274,Suite 54
620,Prudi,Marketing,67392,PO Box 33036
621,Davidson,Marketing,95851,Apt 1531
622,Shurwood,Accounting,17438,9th Floor
623,Lisetta,Engineering,59266,6th Floor
624,Kimbra,Services,78682,4th Floor
625,Stacey,Marketing,581,PO Box 14756
626,Malynda,Business Development,27009,Suite 48
627,Cloe,Research and Development,95610,PO Box 7735
628,Debra,Legal,52286,Room 363
629,Kinsley,Human Resources,12943,Apt 230
630,Cozmo,Accounting,77751,20th Floor
631,Ashla,Sales,82438,Suite 38
632,Jude,Accounting,3695,Suite 10
633,Urbano,Research and Development,89438,Room 935
634,Mathilde,Training,55874,Room 325
635,Ingeborg,Engineering,58417,Apt 1099
636,Delphinia,Sales,79583,10th Floor
637,Alfred,Research and Development,52848,Suite 96
638,Scotty,Engineering,8949,Suite 33
639,Valeda,Support,23775,19th Floor
640,Charmine,Product Management,18559,Suite 2
641,Robinet,Product Management,17973,PO Box 94383
642,Meggy,Research and Development,98301,Room 1037
643,Keslie,Sales,19070,Suite 3
644,Jan,Human Resources,36983,Apt 675
645,Stacey,Support,86240,Suite 26
646,Merle,Marketing,25955,Suite 38
647,Dolores,Accounting,20115,PO Box 88571
648,Shelbi,Product Management,61643,Room 1670
649,Fawn,Support,47215,4th Floor
650,Celestine,Business Development,72840,PO Box 38240
651,Fidel,Engineering,8116,Apt 1563
652,Toby,Business Development,16084,Suite 33
653,Katina,Human Resources,33375,1st Floor
654,Marjy,Product Management,18527,20th Floor
655,Ilyse,Support,12488,PO Box 14843
656,Randolf,Services,45290,PO Box 56546
657,Roanna,Accounting,5504,Apt 1178
658,Jewell,Services,62406,18th Floor
659,Karon,Services,56236,Apt 101
660,Olive,Engineering,79459,Room 1874
661,Donni,Support,20015,Apt 642
662,Cybill,Services,70648,PO Box 20203
663,Babbette,Product Management,43385,PO Box 27869
664,Zack,Research and Development,57998,PO Box 74674
665,Vanda,Marketing,92225,Suite 13
666,Courtney,Human Resources,24996,4th Floor
667,Paquito,Human Resources,35001,Apt 543
668,Montague,Human Resources,81186,Suite 40
669,Martguerita,Accounting,98481,Apt 1159
670,Bill,Human Resources,6112,PO Box 30213
671,Evelina,Human Resources,59857,Suite 44
672,Issiah,Product Management,75368,12th Floor
673,Delbert,Support,59206,Apt 890
674,Jolynn,Product Management,29839,PO Box 83848
675,Anna-maria,Engineering,49177,Room 1451
676,Wit,Human Resources,56739,PO Box 11122
677,Giff,Accounting,30958,PO Box 98905
678,Candie,Human Resources,14700,PO Box 36268
679,Marilin,Engineering,51670,Apt 1090
680,Marianna,Services,62196,3rd Floor
681,Jsandye,Product Management,92555,Apt 457
682,Corabelle,Sales,14083,10th Floor
683,Laurens,Services,45871,Room 551
684,Arluene,Sales,30006,Room 1428
685,Lucine,Marketing,37424,Room 1174
686,Marna,Business Development,32098,10th Floor
687,Hulda,Sales,30431,Suite 35
688,Maridel,Business Development,13271,Suite 57
689,Denna,Services,35440,PO Box 96722
690,Robinett,Human Resources,63981,Suite 69
691,Arabel,Services,31663,Apt 873
692,Cyndia,Sales,92773,Room 52
693,Chandal,Training,94991,Apt 1290
694,Karlik,Product Management,99271,PO Box 66635
695,Karim,Engineering,22890,Apt 1623
696,Jaclyn,Support,35576,Room 1385
697,Peri,Marketing,21105,18th Floor
698,Bibbye,Marketing,68582,Room 379
699,Ambur,Product Management,52370,1st Floor
700,Bevon,Training,3322,Suite 4
701,Amerigo,Business Development,96195,Room 776
702,Dunc,Sales,45293,Room 69
703,Nedi,Research and Development,11426,Suite 6
704,Ashlan,Accounting,48615,PO Box 16128
705,Vanna,Human Resources,16289,Apt 1997
706,Janice,Business Development,31427,PO Box 83003
707,Braden,Training,67098,PO Box 98699
708,Marinna,Engineering,72877,Apt 1227
709,Rici,Marketing,46793,PO Box 16815
710,Whittaker,Marketing,35741,Apt 80
711,Seth,Sales,84150,Apt 936
712,Maggee,Training,56802,10th Floor
713,Grantham,Engineering,32761,10th Floor
714,Addie,Services,13521,Room 1088
715,Whitney,Accounting,80661,Room 512
716,Charley,Legal,41739,Suite 43
717,Leanora,Engineering,8051,Apt 273
718,Aridatha,Training,7555,Room 1436
719,Rhodie,Legal,58526,Apt 924
720,Elisha,Sales,44421,Room 1808
721,Donica,Human Resources,63826,11th Floor
722,Wilbur,Support,8651,Suite 51
723,Helen-elizabeth,Engineering,58877,Room 1298
724,Claresta,Human Resources,89138,Room 94
725,Lara,Legal,31971,Apt 1011
726,Sullivan,Product Management,69482,Room 1158
727,Katina,Training,95166,Suite 70
728,Concordia,Engineering,7836,Room 174
729,Guthrie,Sales,10458,Apt 1856
730,Rosaleen,Sales,49402,Apt 1917
731,Zebedee,Support,340,Room 1599
732,Trixy,Services,4704,Apt 244
733,Meade,Training,42946,Room 655
734,Selene,Legal,60421,Apt 1121
735,Karoline,Sales,62459,Apt 1503
736,Jannelle,Training,68857,Apt 1394
737,Lawrence,Human Resources,96145,PO Box 29703
738,Nina,Marketing,89398,Suite 92
739,Bennett,Marketing,58155,Apt 1979
740,Alistair,Marketing,64306,11th Floor
741,Cornelle,Accounting,98701,Suite 41
742,Chrissy,Marketing,76435,PO Box 36705
743,Stesha,Sales,56158,Suite 6
744,Herc,Marketing,6791,15th Floor
745,Urbanus,Product Management,29014,PO Box 77780
746,Lowell,Engineering,88876,Apt 1946
747,Erich,Product Management,56829,PO Box 74749
748,Godfrey,Legal,47912,PO Box 68241
749,Ezequiel,Human Resources,27933,Room 768
750,Sindee,Engineering,94369,PO Box 26378
751,Hana,Legal,38534,Room 1450
752,Evelyn,Support,83600,Suite 12
753,Maridel,Accounting,2841,PO Box 90518
754,Cristian,Product Management,93450,Apt 609
755,Rasla,Marketing,61093,Apt 984
756,Blayne,Business Development,22994,PO Box 14928
757,Berkly,Support,73531,5th Floor
758,Shirley,Marketing,99624,Suite 2
759,Leila,Research and Development,11849,PO Box 98229
760,Adria,Accounting,31151,Suite 6
761,Shayne,Engineering,80847,Suite 8
762,Allix,Product Management,10587,PO Box 4730
763,Johny,Legal,69350,PO Box 70278
764,Winston,Product Management,77113,Apt 838
765,Leisha,Product Management,46845,PO Box 66565
766,Alan,Research and Development,80018,PO Box 43029
767,Steffane,Training,82784,Suite 13
768,Vernon,Services,64654,17th Floor
769,Lauretta,Human Resources,67028,Apt 1092
770,Harley,Support,84648,Apt 210
771,Olivie,Research and Development,39915,Room 332
772,Tonye,Product Management,94813,Room 617
773,Nickie,Engineering,86148,PO Box 87592
774,Alasdair,Research and Development,35721,PO Box 30240
775,Del,Sales,59765,Suite 99
776,Niko,Services,22803,1st Floor
777,Samaria,Research and Development,57043,Room 1608
778,Georgeta,Human Resources,47560,Room 1384
779,Geoffry,Marketing,67209,PO Box 78412
780,Carolee,Services,24971,Room 1516
781,Verla,Marketing,82183,Suite 70
782,Stephen,Sales,45808,9th Floor
783,Brittne,Product Management,63392,Suite 42
784,Barbara,Research and Development,73190,PO Box 96088
785,Mildrid,Engineering,7613,Room 1819
786,Marlee,Marketing,42240,Room 1900
787,Trescha,Sales,1786,PO Box 89916
788,Libbi,Product Management,48645,Room 1660
789,Stefa,Engineering,71256,PO Box 88408
790,Cherilynn,Human Resources,8492,Suite 55
791,Bobbe,Training,39523,Apt 491
792,Westleigh,Engineering,37122,PO Box 4657
793,Christy,Product Management,6688,Suite 28
794,Amandie,Services,75027,Room 1141
795,Antoinette,Business Development,76917,7th Floor
796,Saul,Sales,39367,Apt 423
797,Julita,Legal,58098,PO Box 83229
798,Pail,Product Management,97496,20th Floor
799,Milena,Legal,24603,Suite 78
800,Emile,Business Development,61224,Room 1498
801,Danny,Accounting,29059,Room 1591
802,Erastus,Accounting,87166,Room 1787
803,Alfred,Accounting,75109,PO Box 7782
804,Vaughan,Services,89526,PO Box 34841
805,Elvera,Research and Development,73983,Suite 1
806,Stephen,Sales,32089,Apt 1460
807,Artus,Engineering,92869,Apt 1587
808,Seamus,Training,67067,Apt 573
809,Aurelie,Support,90692,19th Floor
810,Emlynn,Accounting,4066,19th Floor
811,Terrance,Support,52189,Suite 4
812,Ambrosi,Training,82163,Room 958
813,Godfry,Marketing,46647,Apt 862
814,Marijn,Human Resources,8050,Apt 1191
815,Reginald,Legal,42608,10th Floor
816,Demetre,Accounting,1980,Suite 65
817,Donavon,Engineering,94642,PO Box 96257
818,Lenore,Sales,38944,Room 252
819,Dorice,Marketing,98302,Apt 313
820,Jacinthe,Support,95607,Room 799
821,Verla,Legal,20772,5th Floor
822,Robinet,Engineering,5853,Apt 1207
823,Gib,Services,96429,Suite 30
824,Cyndia,Business Development,43376,Apt 259
825,Inglebert,Product Management,30064,PO Box 47120
826,Elspeth,Marketing,83625,Suite 74
827,Kiah,Human Resources,225,Room 1502
828,Brook,Sales,69047,Room 1268
829,Dorothy,Legal,91265,Room 1273
830,Katheryn,Marketing,8428,3rd Floor
831,Shelagh,Support,89746,Room 1288
832,Jobye,Engineering,47067,Apt 19
833,Hansiain,Accounting,28645,PO Box 51422
834,Carrissa,Training,8884,3rd Floor
835,Molli,Training,37572,PO Box 95331
836,Flory,Marketing,74439,Apt 186
837,Martica,Training,30846,Apt 386
838,Jens,Research and Development,54298,17th Floor
839,Jeromy,Sales,63061,PO Box 23670
840,Kora,Training,10262,16th Floor
841,Saw,Business Development,62727,Apt 1429
842,Scottie,Human Resources,7969,Room 747
843,Lemuel,Research and Development,49585,Suite 36
844,Georgina,Marketing,43729,PO Box 44269
845,Rose,Legal,58255,Apt 1015
846,Caressa,Services,52131,Apt 414
847,Philippe,Research and Development,84422,8th Floor
848,Rosalinda,Accounting,220,PO Box 99988
849,Maude,Business Development,89735,Suite 27
850,Dorian,Research and Development,60274,PO Box 23740
851,Tann,Business Development,24998,14th Floor
852,Geno,Business Development,24478,6th Floor
853,Livvie,Legal,46988,Suite 74
854,Brande,Product Management,18979,17th Floor
855,Neddy,Support,61979,10th Floor
856,Gualterio,Training,61706,Suite 75
857,Dione,Training,89341,Suite 47
858,Emlynne,Support,89915,Apt 245
859,Dahlia,Business Development,28089,PO Box 48307
860,Gusta,Business Development,22935,Apt 1794
861,Veronique,Legal,87925,Apt 1569
862,Myrlene,Services,10890,Apt 1563
863,Buddy,Business Development,26435,Room 477
864,Richy,Research and Development,12703,Room 1971
865,Jonell,Services,51077,Suite 75
866,Oren,Support,30057,12th Floor
867,Ilse,Business Development,63337,Apt 717
868,Delaney,Training,10766,Suite 70
869,Wyndham,Services,80601,1st Floor
870,Shirleen,Support,93968,PO Box 82012
871,Benito,Sales,46778,PO Box 66889
872,Gerladina,Marketing,42620,Apt 905
873,Bartholomeus,Sales,73762,7th Floor
874,Dede,Business Development,34753,Room 788
875,Tiphany,Human Resources,34508,Room 1085
876,Jasen,Legal,57421,Suite 81
877,Vevay,Human Resources,35359,Apt 826
878,Bernarr,Training,15488,Apt 1840
879,Ralina,Training,88222,Apt 994
880,Germain,Legal,64204,Room 1898
881,Marissa,Support,26299,Suite 95
882,Gabbie,Marketing,38462,Room 1929
883,Ty,Support,80863,Apt 734
884,Felisha,Business Development,43074,Apt 658
885,Simeon,Business Development,26735,Room 1859
886,Madalyn,Engineering,67613,PO Box 40494
887,Deny,Support,82296,Room 98
888,Eduardo,Research and Development,22868,Room 180
889,Tucker,Services,34242,PO Box 50480
890,Egbert,Accounting,25060,Suite 99
891,Sollie,Services,83974,Suite 10
892,Ross,Business Development,36776,Apt 1587
893,Anastasia,Sales,91223,2nd Floor
894,Binni,Training,7900,PO Box 92673
895,Gale,Engineering,29787,Room 1023
896,Kiley,Services,97420,Apt 503
897,Ryon,Product Management,86254,2nd Floor
898,Brittney,Support,353,Suite 94
899,Pansie,Services,30298,Suite 19
900,Lydia,Business Development,2033,Suite 38
901,Georgiana,Engineering,81769,Room 1109
902,Tanny,Business Development,95120,Suite 4
903,Mabelle,Engineering,8769,PO Box 96753
904,Ebenezer,Legal,21622,PO Box 33380
905,Kristien,Sales,69569,Suite 89
906,Annie,Services,76735,PO Box 16241
907,Adriana,Research and Development,65738,13th Floor
908,Etienne,Marketing,84616,Suite 32
909,Georgeanne,Human Resources,9379,PO Box 96158
910,Wiatt,Accounting,57274,Suite 59
911,Kai,Business Development,52275,Room 140
912,Marjory,Sales,30128,Room 1511
913,Irvin,Business Development,8856,PO Box 59363
914,Lemar,Accounting,73158,Apt 1363
915,Aloysius,Training,69907,Room 1985
916,Vilhelmina,Legal,61786,Suite 89
917,Vidovik,Sales,60899,3rd Floor
918,Lindi,Marketing,62608,3rd Floor
919,Blinni,Human Resources,34929,Suite 22
920,Kettie,Product Management,23298,14th Floor
921,King,Marketing,31114,14th Floor
922,Brucie,Marketing,48261,15th Floor
923,Catriona,Services,51587,PO Box 35978
924,Celinda,Research and Development,79795,16th Floor
925,Stacia,Human Resources,60958,Room 1812
926,Moore,Legal,47747,Room 581
927,Bernard,Accounting,91871,Suite 85
928,Llywellyn,Sales,33516,Apt 1590
929,Tawsha,Business Development,53862,Room 632
930,Kathye,Marketing,5053,Suite 51
931,Adan,Human Resources,66489,14th Floor
932,Bondie,Business Development,17792,PO Box 44697
933,Gregoor,Research and Development,59511,Room 934
934,Erhard,Business Development,78833,PO Box 3534
935,Nance,Business Development,79183,3rd Floor
936,Drusi,Human Resources,53428,Room 1079
937,Tabbie,Marketing,10855,PO Box 51364
938,Christean,Training,17977,Apt 1409
939,Larry,Marketing,36045,PO Box 63898
940,Halie,Research and Development,41343,Apt 1263
941,Florenza,Product Management,31826,7th Floor
942,Kate,Engineering,69797,Apt 1876
943,Adrian,Product Management,49512,Room 1022
944,Skippy,Human Resources,37306,Room 1412
945,Alard,Research and Development,91680,PO Box 90528
946,Niels,Legal,7809,Suite 67
947,Steffane,Engineering,10406,3rd Floor
948,Emmott,Marketing,36291,6th Floor
949,Nadya,Training,85240,Apt 1511
950,Abbe,Accounting,94967,Room 755
951,Ivan,Human Resources,22696,Room 344
952,Trent,Business Development,48764,12th Floor
953,Boris,Sales,2025,Suite 47
954,Theodore,Legal,35293,5th Floor
955,Cchaddie,Legal,39811,17th Floor
956,Kim,Services,11950,Apt 1747
957,Jaquenetta,Product Management,65052,Apt 1636
958,Mikael,Research and Development,69713,Room 580
959,Mathias,Sales,19906,Suite 44
960,Kellie,Marketing,91012,3rd Floor
961,Sonnnie,Human Resources,68774,Room 1279
962,Dominick,Research and Development,70076,Suite 57
963,Abbey,Sales,84628,PO Box 61695
964,Emlyn,Product Management,28930,Room 1179
965,Renaldo,Legal,24617,6th Floor
966,Mel,Research and Development,33506,Apt 842
967,Raff,Human Resources,11348,Apt 1600
968,Archibald,Engineering,53906,Apt 1368
969,Trace,Training,737,PO Box 71321
970,Bellanca,Engineering,90818,4th Floor
971,Hazel,Business Development,44663,10th Floor
972,Jens,Training,53043,Suite 1
973,Jarrett,Product Management,48666,13th Floor
974,Uri,Business Development,33063,Suite 86
975,Glori,Sales,29076,6th Floor
976,Kit,Research and Development,88900,PO Box 86234
977,Knox,Engineering,45330,Apt 957
978,Godfrey,Business Development,34923,Suite 12
979,Cherye,Engineering,59789,Apt 818
980,Amalie,Training,64355,Room 1923
981,Connie,Accounting,82780,8th Floor
982,Ruprecht,Accounting,4344,Suite 9
983,Fowler,Product Management,6048,Suite 11
984,Lora,Training,66904,Apt 254
985,Donnamarie,Training,71734,Apt 1308
986,Nestor,Sales,55061,Suite 33
987,Shaine,Sales,73668,PO Box 21802
988,Debor,Training,64021,6th Floor
989,Tressa,Business Development,75076,PO Box 79990
990,Cully,Marketing,61212,Room 1598
991,Maddy,Training,18273,Suite 56
992,Alyss,Human Resources,79492,19th Floor
993,Traci,Product Management,83880,Apt 261
994,Foster,Product Management,19065,PO Box 42848
995,Georg,Services,87646,PO Box 91579
996,Scotti,Business Development,52787,Suite 9
997,Haily,Support,42988,PO Box 58465
998,Hunter,Sales,37461,Suite 95
999,Uriah,Services,86383,Room 1790
1000,Dominic,Human Resources,43850,Suite 69
